n,sqrt_n,P_amb,sec_bits,sec_bits_over_sqrt_n
312,17.663522,2.954500000000e-04,10.7247983806,0.6071721451
432,20.784610,2.112000000000e-05,14.5310306397,0.6991245376
504,22.449944,4.760000000000e-06,16.6806069958,0.7430132903
648,25.455844,2.900000000000e-07,20.7174437640,0.8138580541
