n,sqrt_n,P_amb,neg_ln_P,neg_ln_P_over_sqrt_n
104,10.198039,0.0310025000,3.473687,0.340623
192,13.856406,0.0041959000,5.473647,0.395026
264,16.248077,0.0008515000,7.068511,0.435037
368,19.183326,0.0000840000,9.384694,0.489211
464,21.540659,0.0000102000,11.493123,0.533555
600,24.494897,0.0000008000,14.038654,0.573126
720,26.832816,0.0000001000,16.118096,0.600686
